{"loss": [0.5826016664505005, 0.4001710116863251, 0.3633400797843933, 0.35277482867240906, 0.34153425693511963, 0.349966824054718, 0.3457750380039215, 0.3389286994934082, 0.3429816663265228, 0.32301628589630127, 0.32471370697021484, 0.263023316860199, 0.24047459661960602, 0.24191628396511078, 0.21047131717205048, 0.1731707602739334, 0.16876628994941711, 0.15919600427150726, 0.1604103296995163, 0.17504046857357025], "accuracy": [0.7028960585594177, 0.8383127450942993, 0.8517056107521057, 0.8582875728607178, 0.8602907657623291, 0.8574862480163574, 0.8566277623176575, 0.8622939586639404, 0.8621794581413269, 0.8706501722335815, 0.8725961446762085, 0.9078525900840759, 0.9197573065757751, 0.9176396727561951, 0.9372710585594177, 0.9503777623176575, 0.9523809552192688, 0.9554716348648071, 0.9556432962417603, 0.9511218070983887], "val_loss": [0.2557307481765747, 0.2228381484746933, 0.18387280404567719, 0.1616508513689041, 0.17273741960525513, 0.17277197539806366, 0.159628227353096, 0.15181109309196472, 0.15986961126327515, 0.1533728688955307, 0.14859157800674438, 0.11279654502868652, 0.11820997297763824, 0.10474476218223572, 0.08538678288459778, 0.09388967603445053, 0.08335193246603012, 0.09086485207080841, 0.08818858116865158, 0.07874089479446411], "val_accuracy": [0.964476466178894, 0.9787660241127014, 0.9662126302719116, 0.9788995981216431, 0.9782318472862244, 0.9779647588729858, 0.9783653616905212, 0.9833066463470459, 0.9791666865348816, 0.9827724099159241, 0.9859775900840759, 0.9850427508354187, 0.9826388955116272, 0.9847756624221802, 0.9851762652397156, 0.9837072491645813, 0.9842414259910583, 0.9853098392486572, 0.9853098392486572, 0.9857104420661926]}